{"weights":{"v":1,"dim":[6,4],"data":[-0.38045263,-0.96308255,-0.7551398,0.588573,-0.31479144,-0.9597912,0.1101706,0.58602905,-0.4839778,-0.38681602,0.54789925,-0.41274047,0.66901207,-0.35205913,-0.809392,0.082815886,-0.007048607,-0.8205497,-0.802788,-0.05116892,0.45346856,0.50414157,-0.5354352,0.33294296]}}